Date,Food Price Index,Meat,Dairy,Cereals,Oils,Sugar
1990-01-01,64.44420125310371,74.27221861584282,53.50303064605323,64.14060719081644,44.587671677568544,87.8778326003819
1990-02-01,64.72829920397913,76.7810272659876,52.21863389605407,62.22237673255094,44.500513544818645,90.66269349264753
1990-03-01,64.03302114204409,78.54398284481856,41.36712316595474,61.259884069034236,45.74543383749023,95.05658512266663
1990-04-01,66.01599737592298,81.19003533231762,48.42706836787631,62.820730949963284,44.01709379460838,94.3139555513958
1990-05-01,64.63284435387263,81.7566786696439,39.18965099904079,61.982825720788554,45.49963146039051,90.35326450461801
1990-06-01,64.07706012822378,84.18540663550007,39.18965099904079,60.712342339097134,43.796409859622884,80.26587949485588
1990-07-01,62.91998946651446,84.51372416047177,39.18965099904079,57.85828505844381,43.72101633476418,74.2010713294774
1990-08-01,61.76937868622211,84.51223681844883,36.82668580973198,55.682997635796774,45.36713887213962,67.64117678325171
1990-09-01,61.32298077588782,85.50240588296593,38.140791846854256,52.47912529514937,44.78833017702642,68.50757794973434
1990-10-01,61.35648850817643,86.17955869735478,38.90982359112073,52.799538950352975,45.717846037751414,60.7718532489965
1990-11-01,62.345994994761185,87.62688045641903,39.43676874325536,52.429687560550434,48.300807051246544,62.31899818914407
1990-12-01,62.1650204195737,84.382777868969,45.0550156176695,52.56861542603722,49.59540504328934,60.27676686814928
1991-01-01,61.03086566267203,80.50427202624263,46.92070963407615,53.705491491745136,49.473591996921414,54.45950189319443
1991-02-01,61.753439118824296,82.35475961517913,46.65752883253138,55.24952253602159,48.416956187370936,52.66481376262324
1991-03-01,62.304139288272296,81.64883486545102,45.760181184652126,57.25986681470819,48.747335651276664,56.56361901179512
1991-04-01,61.038386214970934,80.4959881765492,42.7919995150137,57.6127936154178,47.002188240644706,52.66481376262324
1991-05-01,60.83854252338602,81.98952785648359,42.14046244907631,57.179338413133095,46.561835092860534,46.90943458527428
1991-06-01,61.33524178745006,81.2924633711682,43.394805759283884,56.53805755061471,46.732637933074166,56.93493379743053
1991-07-01,62.17175052221425,83.57080470124646,40.36313737292073,55.73938698363804,48.216365377138494,63.80425733168574
1991-08-01,61.766163605681825,80.42898602384632,41.690685551349944,58.26121974835113,48.808788174443436,58.54396453518401
1991-09-01,62.39877256836201,80.6213356634535,45.399672212477626,58.815397133558676,48.58233102844784,57.491905975883654
1991-10-01,64.53902335753058,83.03536476235672,48.80605063344048,60.57002749996583,51.133118012345534,56.4398474165833
1991-11-01,64.62053892014073,82.55831469894026,50.79933694023229,60.75463825840245,51.78614187371813,53.59310072671178
1991-12-01,64.34654911189902,79.19535421755846,50.79933694023229,62.680098594520636,52.63416036217578,55.69721784531247
1992-01-01,65.07311071726029,80.19573989590063,52.860715561244646,63.94967449356621,52.84386558766816,51.48898360811109
1992-02-01,65.90406087689003,81.59152396195513,52.860715561244646,66.45296186482868,51.96145175178613,48.518465323027755
1992-03-01,66.45955420793192,82.39765565887026,52.41364098145991,65.8660597760012,54.07727277336676,50.870125632052066
1992-04-01,64.7630711143107,78.25015133031349,52.41364098145991,62.972818378378065,53.946584011684514,58.54396453518401
1992-05-01,65.07202793710933,78.91287073661671,54.569260017842694,61.99354560084696,54.015659104530336,59.34847990406074
1992-06-01,65.92741461551701,78.9228282665326,57.652694910346085,61.81210498996876,54.82149741104158,64.11368631971524
1992-07-01,64.74611725942438,79.53885903938904,58.10136873428571,58.54022948269751,51.9280574440076,63.80425733168574
1992-08-01,63.147030517506785,78.56823970429744,56.63575119285615,56.09091105816903,51.01625409496726,60.83373904660241
1992-09-01,63.807351113899976,78.08124286336097,58.138315321065015,58.311746478652076,52.20311192641495,57.61567757109547
1992-10-01,61.82288554598422,74.35867589660144,54.94114504793319,58.19147451391484,52.21723238850873,53.9025297147413
1992-11-01,62.65102024797585,76.15656996824619,53.80406897319524,58.79170940275746,53.87625273671777,53.03612854825867
1992-12-01,61.3330600619472,73.67310615052175,53.22780285887046,58.51858183423734,52.99671744203535,50.43692504881074
1993-01-01,61.598037210474565,73.36436073805417,53.299064330268735,59.054467099252264,53.97808945500464,50.99389722726387
1993-02-01,61.43394228284813,72.88117831168282,54.01953403346332,58.05466938640059,54.24469834236562,52.974242750652756
1993-03-01,63.16261290883359,76.50280249456254,53.32142500099516,57.765181773012245,53.05125655949961,65.72271705746871
1993-04-01,62.82770248607983,75.66909437020111,52.40636837391308,57.333813810208575,52.83402090233954,69.00266433058158
1993-05-01,62.4071444294047,75.96536638356086,51.73855936834096,55.37130465361149,51.895579221478485,73.21089856778296
1993-06-01,61.805775516070426,78.55362369593362,51.781710796771016,52.843554894478594,51.24333543598992,64.29934371253296
1993-07-01,62.24429926958331,78.08865182930259,49.73447146922829,55.791964367902715,53.28307732962024,59.90545208251387
1993-08-01,60.852045151759505,74.78561006482482,47.95448586090982,56.554122950003,52.605188613966504,57.80133496391316
1993-09-01,61.191069293325825,75.14845001020139,45.06709109550774,58.44481775944709,52.5425489431055,59.03905091603122
1993-10-01,61.52822267984409,74.50545851953365,41.00719774282531,61.43366235680169,52.117932752912346,63.680485736473926
1993-11-01,63.4042719261702,73.63251840612129,41.23153465479513,66.71699208021664,56.21786455158946,62.628427177173585
1993-12-01,64.65773502120396,71.0712806927686,41.83675113512476,68.85850527763641,63.58417550309393,65.10385908140968
1994-01-01,64.76507293318468,70.21413465535872,45.50661978610025,68.59867492482681,63.87968094560017,63.74237153407984
1994-02-01,64.50547283962104,72.07957257722904,45.44899317466778,66.7974127301927,60.39747837341195,66.96043300958678
1994-03-01,64.82642262544297,73.43365575453016,46.010784105990126,64.14992528903272,61.31369661558185,72.65392638932984
1994-04-01,64.06123791354509,73.98038894787013,42.326749700480065,62.41540188425502,63.65730388128167,68.13626316409893
1994-05-01,65.87418690789974,76.97673407671398,42.326749700480065,61.98985120429409,67.78279328147883,71.66375362763539
1994-06-01,65.51214720787515,75.39416287636993,45.12767713667571,60.091321967069334,68.47110669478079,74.57238611511282
1994-07-01,64.23140342383893,75.9299747618959,45.56858924427847,56.01105555262463,67.15342416156537,72.83958378214753
1994-08-01,66.5615166249121,77.68318613316526,46.58576746620601,57.49680765284026,73.32776599482666,74.88181510314233
1994-09-01,69.60272308734869,78.82795497489361,49.93611145831316,60.193837214037586,80.49955716417495,77.91421918583157
1994-10-01,70.26375943606666,79.21184830069045,52.014941700846805,61.65343989983892,78.99701312732674,78.90439194752601
1994-11-01,73.60393946885648,82.975197114151,53.16747392949636,61.136364711118276,88.30944073787187,86.26880186262844
1994-12-01,73.31867905351875,78.85841380165958,55.021967260060194,62.707790824890914,88.62378411042073,90.78646508785934
1995-01-01,73.02757383529597,79.06573109426932,58.92508254926901,62.871389486974024,82.6566411981908,91.34343726631245
1995-02-01,74.74335000003839,84.0414804062429,61.14814824921085,62.51428596054038,82.66991005371176,89.17743435010587
1995-03-01,75.47205037382726,85.1480441012649,61.79228126086191,62.16595537392217,84.41751061996679,90.29137870701211
1995-04-01,74.29236013475402,85.87457897215246,61.136165535208896,62.651855041132414,77.93804108566668,84.78354272008677
1995-05-01,74.0961691581996,84.0978569869177,61.239686749374435,64.90775655717799,76.78877539462017,83.66959836318053
1995-06-01,75.32497358253804,81.68300693282336,61.239686749374435,69.14484330110487,80.32960832750491,86.76388824347565
1995-07-01,79.6479486078209,87.78275239657009,64.56384768841394,74.01351769906452,83.96209045832857,84.10279894642184
1995-08-01,78.13917558675685,87.35025370945762,64.33761997337872,72.64226758344064,79.9460957635866,80.32776529246178
1995-09-01,78.46230904256554,89.04048796335154,64.27996140964862,75.90886729945277,76.28323142757452,72.34449740130032
1995-10-01,80.506742630369,89.22797546800359,64.80648342887248,80.17270722233431,79.94507917463008,73.27278436538886
1995-11-01,80.03834257496511,87.86942354180056,64.80648342887248,80.4585865307344,78.98752035967662,74.1391855318715
1995-12-01,78.19442461249301,81.81032922767041,64.42581737806225,82.7175662328008,75.57615343127617,76.18141685286629
1996-01-01,77.1446525476966,80.29994135807036,64.32996440198305,83.3228217712334,70.75167297011824,77.54290440019615
1996-02-01,77.59035991029707,80.31359447552424,64.16787049481238,85.72874709423826,68.6290273116886,79.27570673316143
1996-03-01,78.68476521728391,83.21112878718749,62.957400451291534,86.87588636591504,68.17056992801433,79.89456470922045
1996-04-01,80.90846036503169,81.19794229809703,62.69337928574568,95.32510192081827,73.55675438843821,74.1391855318715
1996-05-01,82.5127931500794,83.56857868715636,61.040911978212236,99.95018455649202,73.36821674437878,70.48792347312323
1996-06-01,80.66420851453623,84.07671915791877,61.143149391703716,94.338247804289,68.85370557376216,75.31501568638365
1996-07-01,80.54045738153633,87.05115789101703,61.251675307589586,91.06330538515235,66.06842834513962,79.27570673316143
1996-08-01,80.1406260743879,89.6839453910362,60.6892928270654,85.83425938099212,69.0996143883768,76.5527316385017
1996-09-01,77.06180795221879,89.26363985899171,60.050114747680965,75.28761226711299,71.47007439290026,73.76787074623607
1996-10-01,74.36366170702988,86.60436149200562,61.040911978212236,71.1289497341728,69.07583517286238,68.81700693776386
1996-11-01,72.72296606727673,85.42263591051733,59.89067626526182,67.43858689701264,70.01142951014965,66.34157503352776
1996-12-01,71.51559815131478,81.45322282560754,60.17926227789411,67.57742863785006,70.16698658792495,66.46534662873955
1997-01-01,70.9713894935132,79.07824056053927,60.336474837753485,68.09151953207802,70.75777979270642,66.15591764071004
1997-02-01,71.2158414683604,79.39923197119272,59.45083133885365,68.39172089265556,71.49264275634127,66.89854721198087
1997-03-01,72.99880426782316,83.10540963934281,59.25146981529957,70.60720885617575,70.31972003188626,68.75512114015795
1997-04-01,73.51651948764852,83.91655214817968,59.11346787552567,70.78857172148325,71.10651113039238,69.93095129467012
1997-05-01,72.88581929990208,83.8321553738266,58.84969588786427,68.76194114634049,71.64676747083121,68.94077853297567
1997-06-01,70.34125128857102,80.38417003971847,58.605840040123454,65.15899688305586,68.96236673161567,70.73546666354684
1997-07-01,68.5915321893218,79.70961764936077,58.08366362898133,62.4343952175878,65.52835362063738,69.43586491382288
1997-08-01,69.9720901742599,80.61742920522116,57.78695236582299,65.65820042550794,65.39651908375663,72.40638319890621
1997-09-01,70.10727668643287,80.17133278678502,59.04505213943236,65.10861460145057,67.96456327988115,70.11660868748781
1997-10-01,69.87024701537052,75.82181103347959,60.78241679343775,65.55985746424618,72.78153922777436,70.61169506833505
1997-11-01,70.46243501614458,75.96358140890453,61.01254398576711,64.1574523349344,76.70513521920576,74.33722008421039
1997-12-01,68.1486792606138,69.80521987585207,61.049001302002104,63.41552771544012,75.55491704967295,76.3051884480781
1998-01-01,67.51430459998453,67.71402037923069,60.9109993622282,62.74223226988113,79.26237256123846,71.47809623481768
1998-02-01,67.745648341978,68.74233246340349,59.698662505355294,62.696284472851055,81.87627348670667,66.34157503352776
1998-03-01,67.5781375738467,68.36973565889474,57.80738534970214,63.1808040746103,84.68154713941315,60.89562484420831
1998-04-01,67.04230299560152,68.41712770371309,57.617329426649526,60.82725259765376,86.00566313306153,59.967337880119764
1998-05-01,66.62729020327299,66.83101993274616,56.46603825872661,60.18980963654541,89.96952622613034,57.120591190248234
1998-06-01,64.40691504911437,66.66438720882383,55.567812626742295,59.00795639426224,82.75762714989625,50.127496060781226
1998-07-01,64.43462437618003,67.02774407004902,55.345512759578995,57.51372152196994,83.55527932777089,53.469329131499975
1998-08-01,62.577121281642505,64.79008982229504,55.441365735658195,54.08296665348302,83.17112306494067,52.47915636980554
1998-09-01,62.08179358140212,65.07497617277045,53.86781375793538,53.90169841579477,84.55680359537064,44.73780568746716
1998-10-01,62.87909351897538,64.6646970002951,52.13704922035318,57.687336375511705,84.44213186302146,46.18368295880504
1998-11-01,62.770576598874385,63.19311692869144,52.13704922035318,58.17810809043861,84.30876499621806,49.88879369858702
1998-12-01,62.22737347085067,63.76470208141157,52.31720012382177,56.83805601300002,82.03809334778447,49.98403352996753
1999-01-01,61.20129518595125,62.72520613725608,52.40149805121116,57.123999778430104,77.30714393165066,50.18938185838713
1999-02-01,58.57322465891084,63.27576087218103,51.523510123707005,54.91235759582142,68.40423852377222,42.206113967225676
1999-03-01,57.193830204483135,63.356975786526725,50.74137517228205,55.1538767072237,62.30984722180103,37.255250158753455
1999-04-01,56.00207454471145,61.69962120515135,48.001676919734926,53.69632829901704,64.88345735620061,33.54210230239929
1999-05-01,55.552211488252496,62.243717790671305,47.35754390808386,52.839746274629604,62.25704950483363,35.58433362339408
1999-06-01,54.76283834808469,62.6661535717047,47.12368899223076,53.611085502162894,54.79113444950359,37.34245287356178
1999-07-01,52.7961960473755,62.942687341084195,46.36346530002033,51.40200516367997,48.63125268901959,33.28893313037515
1999-08-01,54.62776218753629,64.75853804931357,46.40561426371503,52.950762823495474,52.294121028220445,35.58433362339408
1999-09-01,54.830422981965896,63.37017869671001,46.819620083036725,52.63199032887539,54.07108129402196,41.27782700313713
1999-10-01,53.49852909889989,60.73565249436856,46.957622022810625,51.48057137561954,52.96411644208832,41.89668497919616
1999-11-01,53.49837215808441,61.8415623133374,47.54805102207718,51.2767605040074,51.31824211447802,40.22576844383679
1999-12-01,52.08261258328377,59.535409552733185,48.49938124736347,50.37077841259204,49.49210255757037,37.19336436114755
2000-01-01,52.84517364857044,60.577880395578596,50.15485374851647,52.13167018523873,48.58311157138202,34.72972022788398
2000-02-01,52.500843503297375,60.862336858956354,50.44046293810702,52.23907341562147,46.36835287251982,32.73758693352256
2000-03-01,53.11600405452706,62.784347330929904,50.05705103379021,51.72821243411178,47.81903063994389,31.80929996943401
2000-04-01,53.7000217586952,62.3078158219633,50.413625117203665,51.82244957101251,49.49869065471645,37.255250158753455
2000-05-01,53.96677357945541,63.34918558843199,50.9274117604765,52.835989981268156,44.48930927103283,42.763086145678805
2000-06-01,54.23104385670125,63.034065884583455,53.756837589248924,51.42594992756182,42.92895391354603,51.798412596140594
2000-07-01,54.4337260468266,62.74886608764429,55.575200112432114,49.813215654442075,42.66755150050627,59.59602309448435
2000-08-01,53.51500142678594,60.25082357013729,56.042909944138316,48.616170467998344,41.70184362719442,64.60877270056247
2000-09-01,52.931233627432164,59.41597164492868,57.40884540782885,49.381142488027834,38.470354262343676,62.071454998720455
2000-10-01,53.69020212699341,59.50091417545786,59.108416611323605,51.201801630919604,36.37718942018462,66.52160644474486
2000-11-01,54.16648548412017,60.350940680533796,59.59967839101047,52.12553038248716,37.67309154836324,61.45259702266143
2000-12-01,54.802542619698144,60.361419949553294,60.09094017069734,53.67087963085144,38.13921322691652,62.00956920111456
2001-01-01,54.132724417143805,58.31739639848867,59.74202165867955,53.91884059468737,37.274266256711165,63.8858340648934
2001-02-01,54.616402173825776,62.0054900239554,59.46601777913176,52.99071573773322,35.8276831002984,61.099847976307785
2001-03-01,55.50494587504262,64.89857344653353,59.67423371224659,52.16644139807416,38.203137864047235,57.39063830707397
2001-04-01,55.00326162872989,65.26328999037257,59.501724194884765,50.99283925783338,38.03313854434972,54.11913000636195
2001-05-01,55.782255727923875,65.57838824208847,61.95820484708947,51.70635307170043,36.5661328568602,59.31191102365726
2001-06-01,55.20930694807058,63.827837385682784,62.38971792291728,51.03778815718354,38.847211764619836,55.95949574945177
2001-07-01,56.90803485679908,64.13021787309957,62.94402846467478,51.7197974160316,47.43649449571169,54.42293301279094
2001-08-01,57.01908443642886,64.36703026103685,62.530022645353085,51.572900726778485,50.021046802095604,50.21090735320654
2001-09-01,55.825668098206734,64.28262841866376,62.05079677742789,51.158919651981186,45.39620168769992,47.2807493709097
2001-10-01,54.531322316359564,62.36136507108671,62.848533640000824,51.007159590639766,43.29500851107189,42.02583794811282
2001-11-01,55.10927632978841,60.6471889793821,60.60162784103624,51.867639897607326,48.269459051830374,47.48806679288948
2001-12-01,54.60283035688623,59.18757772406908,56.909407402151274,52.005476561370386,50.607810276958766,48.45657952542186
2002-01-01,53.77764244182958,59.395578548081666,52.9952741445689,51.65543410156753,49.26091578002172,48.18251385031003
2002-02-01,51.998646253383804,57.607537003698624,52.83530809872015,50.36964037532734,47.785574874425244,40.507692632930315
2002-03-01,52.34142960905143,60.070553553664666,50.71392085928782,49.61017820974843,47.62177337296735,41.44801294655336
2002-04-01,51.35145361807784,57.2055027858024,48.89490975695924,49.30965581057128,48.968649895697936,42.61118464246428
2002-05-01,50.80400225377921,56.23346887333943,44.77823662294475,50.22782336018547,51.64109982925055,37.57544189419268
2002-06-01,51.624149896623216,56.28241637151075,42.855067279867555,52.030442969249094,55.80374754624625,35.58433362339408
2002-07-01,52.265053236155886,55.8832404581376,40.64167762705031,54.62011509448946,56.147913609909104,39.526189862204845
2002-08-01,53.70528469297119,55.83074054138092,40.08100889429005,58.05905521490676,59.64718946011253,38.954296602115484
2002-09-01,55.14002894276093,55.09596200020318,41.636773432742054,63.82139354595718,56.67703316163747,43.072515133708315
2002-10-01,55.518878440972316,53.46151390001395,42.9278010977037,64.35449444073893,58.76026061161087,46.47623400203297
2002-11-01,56.64144819957461,53.90564660634452,45.53520037192672,63.006727326650434,63.905676495369434,48.45657952542186
2002-12-01,56.02435897845437,52.25563924625741,49.29102025942558,59.84016440100825,65.51216867374534,49.199209096692684
2003-01-01,56.23903165619082,53.94665471346037,51.256353660758236,58.00011833518108,64.32321520084045,50.68446823923435
2003-02-01,56.86278019136334,55.10130603499476,53.09496815384827,57.84258646222766,62.353116994972446,55.69721784531247
2003-03-01,55.91947088233032,55.73819513538559,53.70871815560757,56.51207984707581,59.234135104999154,50.93201142965796
2003-04-01,55.92906635444101,56.749018321387226,52.657880587401685,56.42583185060003,59.56691650969375,47.96149314457463
2003-05-01,56.6689891688585,57.44008135058628,52.63450157327436,58.20091145797616,61.09159936819294,44.37211688343227
2003-06-01,56.418776012106015,57.31412877541071,52.59703569838815,57.68224676609067,61.955421665803556,41.58725599116665
2003-07-01,57.0597844100089,61.462443549802224,53.15265357366877,56.462999075107305,58.83860377032032,42.32988556243748
2003-08-01,57.81551479452772,61.44782972789193,53.613003487621555,59.89639591918008,57.08945294860328,42.26799976483158
2003-09-01,58.96253889986779,63.65574865887954,55.223216138257925,60.525357750624174,59.33497306114799,37.030210894731965
2003-10-01,60.61509397986752,63.56030227381749,57.592765104604354,60.59597195853807,67.38665882653439,36.87586331256073
2003-11-01,62.01745906403724,62.85145278816021,58.559986434233124,64.77850472418294,68.83389281093454,37.626564944388875
2003-12-01,62.878611022751386,62.53492406384011,59.717850599793024,65.67672642885479,71.56378627419143,38.89080338119515
2004-01-01,64.69116389675767,67.17776376399956,60.94762087734763,66.92288497218289,71.21869198484032,35.92912592434128
2004-02-01,65.47228122066333,65.13990493783082,64.3282477563362,67.48168078635155,76.06333012230827,36.16296583100927
2004-03-01,67.08537068282536,67.59749815524863,65.24808043012705,68.46616512415642,76.73328079341162,39.962081132298614
2004-04-01,67.66407742531165,67.53569312586963,65.81146312880892,70.24966810992413,76.45253650627517,40.69300621576135
2004-05-01,66.77583325527897,67.04302530403396,67.76786817534534,68.84606489196729,73.51595748131575,39.2290813876575
2004-06-01,66.43890920453063,69.86002671059816,70.74094548195693,66.39026459061472,66.06363235183748,42.886857740890605
2004-07-01,65.84093676443356,71.55111128947348,72.56498934826806,60.70945304861875,64.81972209222134,48.9769828234715
2004-08-01,64.77736571671669,69.81993483764677,72.74244704080243,59.09336884923566,65.44023197021244,46.884117668071866
2004-09-01,65.41219325365044,70.16106973301096,73.30439640049462,59.97720175651407,66.27003740616895,47.570487423337326
2004-10-01,64.90010650860181,68.20214529955734,73.79475608598091,59.33595437353962,65.80293521980045,52.30233980521724
2004-11-01,65.69099268038269,69.23734463471784,75.12101921059579,60.02006362554658,66.93783393238756,50.507249818817414
2004-12-01,66.04413687729813,69.90975086795889,75.81473677471593,60.526197694531795,66.02137321844262,51.04771096431245
2005-01-01,65.8177319736145,69.90049344214842,76.21881756446444,60.49896336476862,63.14893798093526,53.96736245509033
2005-02-01,66.23941712122453,71.11441563175153,76.66764718966928,60.27037833192888,62.26632197577167,56.33154727077297
2005-03-01,67.50594388825047,71.71602599392303,77.00667737694059,61.54803977872932,66.74267313018764,54.96266033459896
2005-04-01,65.96669903969146,70.401145584048,76.17646355525639,59.54505267504478,65.07478932076579,53.15695320072733
2005-05-01,66.54767814775897,72.58820520988921,76.51078967793883,59.36642199345889,64.22690057351276,53.132051534547806
2005-06-01,67.38304692978906,73.64914393415295,76.36046465437391,60.164119707330514,64.63713855623178,56.015085805742814
2005-07-01,67.66906438965067,72.64203443632819,77.09911569520531,61.182181076640106,64.43517445949284,59.65201500660399
2005-08-01,67.63660945206585,72.79863036965789,78.34242863730444,60.947789543683605,62.50964334981427,61.48219457803816
2005-09-01,68.63512237975604,73.87776739820329,78.74656266687686,61.53264342255477,64.00235215017715,63.80425733168574
2005-10-01,69.54318230968269,73.76740940260608,78.49946708804961,62.07397201870674,66.80753884402131,68.82584776599346
2005-11-01,69.04000314184032,74.10496853720882,77.9655762912991,60.59673004002824,65.44132746850877,70.43391404975792
2005-12-01,69.77709866672278,74.38883267854597,76.92674117428238,61.472838447617995,63.49195562755826,82.58512343370562
2006-01-01,69.80112611182506,71.20182268965758,74.33502425159384,62.74352301876942,63.67327271248753,97.45244957283828
2006-02-01,70.80718522511454,68.84752853311754,74.45543302356798,64.7910731274822,64.98834715617325,111.05406380379247
2006-03-01,69.78477113408601,67.95247188867636,73.06998018636052,63.928474835239456,65.15630922012828,106.69649644628127
2006-04-01,70.10160507240967,67.36227024089186,71.60039966543243,65.12106361666847,66.75830033921292,108.22450761325608
2006-05-01,71.32836310002254,68.98961215078482,71.259657954217,67.7871224680707,68.28309273141605,104.09780545861483
2006-06-01,71.39458097519727,71.341642156658,71.00055587078161,67.78429956124934,67.93735981760595,95.30131532229025
2006-07-01,73.17238569154549,72.65323413371252,71.28180873558216,69.85457889334856,70.44588721324885,99.32670515747391
2006-08-01,73.06272062248945,74.78380233434652,70.29798391146184,69.6462169104853,73.54572923906005,83.24985121420148
2006-09-01,73.18589980103584,75.34710545901181,70.3439299175523,72.53916248933173,71.7034921010491,74.77867210713228
2006-10-01,75.12702769544278,74.25571763950178,71.90488977279357,79.85754290451833,72.69758563718393,72.03225542247081
2006-11-01,77.65624075166323,72.61998633133088,75.39288214642639,85.33230128782064,78.34697735991229,72.89584359815285
2006-12-01,78.8018722459415,71.32548713206897,81.69783661515693,85.35516442425448,83.00505253905517,71.60776171551588
2007-01-01,78.48310271648208,70.69703386512866,84.24031081045712,85.10891731313366,82.27075995686415,67.75566550882263
2007-02-01,80.04314376373223,72.21859946976429,88.2844623558332,87.01684140099431,82.87024233885491,65.41328806943922
2007-03-01,81.11242078451266,73.86323321448427,91.77370071031397,86.42964367426433,84.41828569352397,64.60877270056247
2007-04-01,83.86721105807557,75.75746995374247,102.02972646826132,85.07588981924538,92.7592497781534,60.15299527293748
2007-05-01,86.47173131395098,77.54881395287948,105.27600492558253,86.56297461734206,100.25345854845983,58.35830714236629
2007-06-01,91.38305704007934,78.82426022550874,121.04466813430344,91.94718045533855,104.92411526100337,57.491905975883654
2007-07-01,95.5415692416268,79.90575717821883,135.03389545618126,94.85390282724232,108.5781594365497,62.9378561652031
2007-08-01,99.11064600454125,79.94641037741263,141.49546780181674,102.13852226175487,112.79817485547257,60.683060582866275
2007-09-01,105.31050859193547,81.35339130387767,145.09356082759675,117.15778236928273,118.24714214415421,60.37665271691669
2007-10-01,107.8620331959691,80.0519257331198,147.97130049537702,121.33372722424738,125.85059371436603,61.891178979607666
2007-11-01,110.75835435010842,81.13451314228342,153.99103143825062,121.03796689438724,136.2503391120927,62.489184132560304
2007-12-01,114.65922974792855,81.77931911255605,152.55942223703758,132.23404696259226,138.55715162548248,66.27084840769226
2008-01-01,120.40116381937398,82.79569742647095,150.6343670788682,140.97686975332374,154.09675236708162,74.1391855318715
2008-02-01,128.38378539794326,80.57645990040074,149.87806700361918,160.82642185718515,168.63237904158967,83.60771256557462
2008-03-01,132.35867893364141,85.59329578050347,152.63293596208666,163.3315367807624,176.6016471901168,81.68925283979162
2008-04-01,130.66207894819286,87.01139140078473,148.94895083980435,162.73581812646003,169.40502328163345,77.73137478381383
2008-05-01,130.30230024083983,91.83437490418831,144.2598033258472,157.44070678663013,172.01814139872513,74.7017836919252
2008-06-01,132.7260693363295,93.57012409544062,143.89822620373437,160.28729664983305,178.31613778641312,75.03800306852868
2008-07-01,130.20733035210537,100.38502690700986,144.11797548639063,148.21039499182567,164.79942909636068,88.06348999319962
2008-08-01,121.20936181396463,102.08259422086316,133.54864560697305,136.51007774827985,135.61861672624036,90.39452170302195
2008-09-01,112.78634641548891,100.92658326972747,120.50416860191667,125.32846978285959,120.59239830168778,83.7373780462727
2008-10-01,97.78807979261839,95.65623285174584,106.95039605821971,104.92750466809048,92.21375071696663,73.64409915102428
2008-11-01,89.72736955347888,87.90967683165347,97.77558849558571,95.99249978591419,82.0299490236945,74.88181510314233
2008-12-01,86.30191521970283,81.79051355600437,94.89029124488255,95.13421693561969,78.55005828426157,72.71581218693574
2009-01-01,86.66916731756098,78.06190153000782,88.1939832451639,100.36729167675543,82.77786639675318,77.41913280498434
2009-02-01,84.48888211043203,75.95213244813975,82.5604918108171,97.21164769965797,82.23674590116377,81.87491023260934
2009-03-01,84.25333779799439,76.11918245036915,80.85013686744838,97.20889214711,81.4880995992628,82.9269687919097
2009-04-01,87.39567198461978,78.47276430220772,80.39093481117422,98.11301618483162,93.803813163422,84.45554799277548
2009-05-01,93.45147130110524,81.26185731089637,83.49287298621505,103.31104773970134,106.60507260192162,99.36108615614387
2009-06-01,93.40904442265668,83.37787296931239,84.66477839310501,102.98619431204455,100.7203983045275,101.66148752169659
2009-07-01,90.69194234157311,85.20497946596805,85.12781263305786,94.45961683306045,89.90346509621538,114.0330210612766
2009-08-01,93.4807348192325,85.35438121995985,87.952889262134,91.90025141116715,97.85431528800916,138.84491264868325
2009-09-01,93.07955403971529,84.45193987590885,95.07893740080516,89.83589555222025,93.24716636643932,142.57014297028422
2009-10-01,94.82713805905587,82.60279489262025,102.65651223659819,93.82238434353734,95.17111550124794,140.13476269696628
2009-11-01,98.87024004816824,83.90736857736597,113.09700616399462,98.01742234570031,101.75547855044475,137.7784140699415
2009-12-01,100.83705157577458,84.4648917044844,112.80240797624249,99.04553053916857,107.56477678394711,145.64541167469187
2010-01-01,101.80646537860011,85.95867716739548,108.97795360006737,98.3611878438115,107.10200269756302,163.77457478426106
2010-02-01,99.26168778414062,86.50206249873995,101.58821313999312,93.96967030118623,107.30910271285059,157.35701757252892
2010-03-01,96.5116514632672,87.53400033411563,101.600171820501,91.7724532906682,110.32530581140149,115.4923517668767
2010-04-01,97.06439758366012,90.11578831375115,109.73751423436313,90.66416366994729,109.3639768987986,101.79919011896688
2010-05-01,96.40570515309548,90.12035324423773,111.75742694995961,90.55718246677861,107.16661204157421,94.07878952049337
2010-06-01,95.88314396393699,91.21490167792956,110.44055117791332,87.79753556300948,106.02801172765368,98.10024116855693
2010-07-01,100.03285903354225,92.03870415423887,112.84235900343094,95.27884293702971,110.13361444095018,107.87819719028957
2010-08-01,107.75659593152048,92.88868202865365,112.25690892641927,112.94199348855705,121.80694109173973,114.56748931332761
2010-09-01,114.12332208127283,92.47735931120434,116.02601308546389,125.94591690333323,124.85278174522956,138.72264131523153
2010-10-01,120.05349508329077,93.93323720200917,121.38566901809834,130.58904041405575,139.17832004048861,152.32747039281492
2010-11-01,124.22501885668203,96.42274946299817,118.73574665999132,132.39219684440704,153.87187377834493,162.82997247353097
2010-12-01,129.3641506936116,97.51513617311078,117.4390783828456,139.7215647225498,166.26365938828508,173.7607899683718
2011-01-01,133.78751723781582,97.92126564619953,122.78377839826979,144.89906746585473,174.48816539640967,183.23765813131746
2011-02-01,137.67608085264314,100.47598184033284,130.26172007492016,151.44312865176028,175.4335062678547,182.38070269183785
2011-03-01,134.3222763088464,103.61412173687695,135.80884661921067,145.53184657578572,163.11081840854428,162.37757017047915
2011-04-01,136.3345453731237,107.45478693844552,134.5187195670132,151.7317547021396,162.7870129355594,150.7420151970065
2011-05-01,135.1168350884412,107.96309492253198,134.1712871726195,150.89328820032293,162.40300853935508,136.1628196869874
2011-06-01,134.7502553915953,106.24514690949947,135.31776107677763,147.1299421546808,160.7759031295058,155.9887788472784
2011-07-01,132.97702406957563,105.83501514872543,133.56806088229402,140.47522034103807,156.05325903196555,174.62109224465564
2011-08-01,132.72231002654598,104.87852833635795,131.88090086321301,144.86708972193426,151.482288630799,171.7106659659432
2011-09-01,130.14069727233988,106.14193819307671,127.11880760173975,140.48020342389955,147.82016590327402,165.26602250656325
2011-10-01,125.60926569420734,105.86805011595914,126.20544430219104,133.1265985443652,137.9906860450972,157.5140896207382
2011-11-01,125.93965636451237,107.76201900279902,125.05884830449345,130.895207649098,144.96036891140812,148.23336321093868
2011-12-01,121.93472715022699,106.1096515656407,121.99424801067642,124.41555350034183,140.4534860181637,142.57210759877967
2012-01-01,122.23378439294287,102.63496772091665,120.33402187690524,127.23947878042762,144.32842952940265,145.79409833127747
2012-02-01,125.34093310931512,105.45196187142807,121.24206301143494,131.13842029846285,148.33528850437838,149.27738465366687
2012-03-01,125.65312730014259,106.15026683761091,118.06704529449252,130.60556654366675,152.47338216364557,149.12601895822385
2012-04-01,124.39802286823017,105.76988477898763,112.52536034853352,129.11052654533617,156.29156605103438,141.285275934276
2012-05-01,119.00980250156353,103.65645421380685,105.52116520469605,126.3042147212203,144.39660708907326,128.47196888711096
2012-06-01,115.78456889826302,101.14674846877129,102.2774687097396,125.32789111101721,135.25797898909255,126.6625460428241
2012-07-01,121.9518897233841,99.83856948632521,99.73376753816709,143.89696275921514,138.55712949062118,141.43070755864986
2012-08-01,123.1758398564848,102.54763508730512,101.99290110264623,147.05929846543543,138.31260850357606,129.15835029037146
2012-09-01,125.1267573146247,106.73150754007067,110.95420631342282,146.76451162850086,136.92616048872287,123.72208657372077
2012-10-01,124.0125149830049,107.87949983701904,114.22211455939436,146.45261100674963,124.89746859622133,125.69812699814575
2012-11-01,123.52651792469682,107.35391510647288,114.86145300080227,148.48455813283977,121.52181107234897,119.69557154221673
2012-12-01,122.78883846622188,107.17842713613179,118.14915600136797,146.39619436084558,118.38095499737275,119.50147517699818
2013-01-01,123.42768471554382,106.56645264001489,121.00755496499747,145.18176651637876,124.27972984276106,116.80381699954093
2013-02-01,123.32851454699413,107.78370507354839,123.77232061584274,142.2832107522842,125.54911531270396,113.03131503730111
2013-03-01,122.94487055199927,108.19263413126342,128.03304817913147,139.94167886608957,122.3818302611626,114.25355954001763
2013-04-01,122.88753578387046,108.7853289841384,140.81622043768695,134.85384892521571,120.63599571139996,110.18203665570931
2013-05-01,122.1549476880995,105.65039375774701,139.97656587139574,136.38030205742064,121.04590344578085,109.05965332640224
2013-06-01,120.91196544163931,104.95252313215687,140.25857045321078,133.75958012523083,120.68123422486381,105.78139384776956
2013-07-01,117.96972214610234,104.7250110955731,140.9898097928048,126.44146523454943,116.22098935534193,104.21030179463537
2013-08-01,116.17588314168206,105.54053861800742,145.64966771424156,119.2319694898294,111.89492607873646,105.40276528605348
2013-09-01,116.38128254171943,105.98142230276804,149.00062536700568,116.70599625040734,112.91693059134185,107.48678961322369
2013-10-01,118.70401176576055,106.27081139987533,152.9606033264842,118.7228306147764,116.03932477749038,115.4995269318165
2013-11-01,118.61190605081752,105.43713680643926,151.92967475351037,117.96335199632423,121.9691430806489,109.30210634299682
2013-12-01,118.22852915704286,104.70595494895989,156.48829454742446,117.86446062002105,120.3833533606343,102.42688892325533
2014-01-01,116.23174970169875,103.20794016403997,156.18310732469678,117.01240973376449,115.57992180143751,96.66561586042009
2014-02-01,118.61846202712553,104.06194488066352,156.41762180910555,119.67432687733819,120.84044325602672,102.64378390915032
2014-03-01,122.14211671533634,106.34400704457255,154.79198717070946,125.41514187875906,125.38361577854684,110.7726307718228
2014-04-01,121.46415205334749,109.70752025062974,147.30186392551184,125.49090225904817,121.53007113945802,108.98088958399474
2014-05-01,121.19669824137301,111.7432768401219,141.8010575156389,125.24676952304229,119.17706638816732,113.06535222598433
2014-06-01,119.24371503876539,116.03377954250715,136.0528236526123,118.74820539767724,115.22230076572868,112.51489434201605
2014-07-01,116.25426293653972,117.41692849186794,130.21200247764003,112.17511154978024,110.6286440941333,113.00065343757817
2014-08-01,112.78604152496163,118.4569344506932,120.63460683615529,110.38588425787648,101.6475475000652,106.55555570639201
2014-09-01,109.21106324317253,117.49675014157886,110.84972023812918,107.3949105215308,98.55103414391455,99.47579366988812
2014-10-01,109.33727670791446,117.1421136110906,107.1092088208637,108.15071907207059,100.09115310173426,103.63359791259776
2014-11-01,108.1385690831083,114.81450064308751,102.64179084944502,109.26123275349234,100.85116520548753,100.1931063239566
2014-12-01,105.17369795791986,108.89639540206711,98.48250281963095,110.86387581351727,97.89217478842845,94.84279782184623
2015-01-01,100.96111856901737,104.55563481449418,92.39105312361835,105.88965214025703,95.00028401525708,94.95756784649718
2015-02-01,98.71159167102945,101.25625506507697,95.17096624490964,101.59241702162657,95.1796908673502,90.31417873770901
2015-03-01,95.71714879048169,97.1457448345473,95.13871593586504,99.51076054313029,92.61521886651627,81.9615503492576
2015-04-01,94.59117637503756,97.41449868678708,90.5893110111079,98.20055190704043,91.8674194041755,80.92010078383254
2015-05-01,95.04528920544632,99.57316579475352,89.87995109416897,95.71345665763236,94.48970767228569,82.55565400627427
2015-06-01,94.57184511458405,98.68451351056628,87.68688158227815,96.69148609039424,95.89016086245287,77.10970381695483
2015-07-01,93.77001809995838,98.96921625756622,82.20232624845914,98.93239069044657,90.42870703869495,79.03378952433833
2015-08-01,89.51407272541336,99.01565149934486,79.949611644036,91.866745177779,82.29450233002761,71.15393253307248
2015-09-01,88.88774888896701,96.66080320225278,83.20013451821002,90.47227511414275,81.96055840728813,73.42307844528891
2015-10-01,90.25827727458106,92.08822576515912,88.020108299878,91.70451155056793,87.75636591562882,86.07189250660964
2015-11-01,87.73350446922166,89.21629218475924,80.52290470825521,90.46318837584388,85.1293452289583,90.04383551658852
2015-12-01,87.00395903375735,86.81356827369875,80.98982101478887,89.44360642041401,86.68116764497687,90.62893760304435
2016-01-01,84.93427699683282,84.39966129398996,79.37497450472424,87.55250112926498,85.29061011098428,86.94954563629337
2016-02-01,86.08065456692162,86.01195899923408,78.83776298662963,87.27615063022444,92.15099038289138,81.59153842251914
2016-03-01,87.43465713713529,86.14100805183418,76.66905329005372,86.45483322175123,97.34258927543247,95.53760654951255
2016-04-01,89.10282728262055,87.6909850859544,77.14410521529727,88.40676890064668,101.16915030167128,93.88694354791507
2016-05-01,90.58938804539098,90.17194214998982,72.70320537076614,91.09448081942814,99.5557866171588,104.84431258612649
2016-06-01,93.76406557022125,94.06429897103669,73.9068455890245,94.14294739995142,97.9269525701844,120.37631531588167
2016-07-01,92.9848885251337,95.34767064688437,76.01543778156886,90.39615452716917,94.90251071247788,121.56138815445183
2016-08-01,95.30428384200113,96.44718522762741,81.81047883090352,89.28563753396841,102.38612076617063,124.56803852012494
2016-09-01,96.10734025848848,94.92333060136177,90.85479262552093,86.26522717162898,104.31961997069597,132.92506727587858
2016-10-01,95.91110544723003,92.97822631417168,93.75854241031739,86.72195622263744,101.84684494925058,137.5102422803159
2016-11-01,95.9515213878803,93.901656230007,94.50275198026003,85.95575036167605,106.16112417903776,125.2259114555442
2016-12-01,95.27143549138606,91.20641507598333,96.201970549219,86.14706075448073,110.25943394730359,114.50419702032156
2017-01-01,97.7959691292804,92.22671557888089,98.55019651013875,88.67745944887969,112.19223957079653,125.82856124651597
2017-02-01,98.12457289415924,93.95082977515258,99.2263745550868,90.00176911365989,107.96932456157167,125.55390618285554
2017-03-01,96.15850703498418,95.4082160295274,100.62623876255081,87.86550630073276,101.59094864227815,111.88414069776731
2017-04-01,95.03573687979926,97.28385821503184,100.04438119803854,86.89985453405053,97.5777910573152,101.74025126410416
2017-05-01,97.34095115508039,99.28228957752648,104.83069988541726,88.29320362413284,101.96249000198183,99.3942169366804
2017-06-02,97.76181328483096,100.0725999462192,109.65622669130484,92.35989972203532,97.4725676008091,86.02688465380535
2017-07-01,100.02280692520343,100.56314013625867,113.89555698485401,96.93632026583933,96.65921195704436,90.48882387080239
2017-08-01,99.2355156422629,100.03876157610775,116.89348826725157,92.29967586248901,99.16145506397473,88.92181909912496
2017-09-01,99.69022019423026,98.56371167097299,118.3996848364948,92.11688666513271,103.8349663885392,89.04187498392147
2017-10-01,98.84875236936351,98.24440835139555,115.36784623317698,91.79034740395078,102.67675103271957,88.73016881286321
2017-11-01,98.8018433404309,98.03232225718851,111.37473962746373,92.14977642404713,103.85290409282149,92.74711967564635
2017-12-01,96.37387030892755,95.98551669751771,107.26983272870129,92.42046015765986,97.96306014338757,88.98868266740784
2018-01-01,96.68358420588706,95.27529529012297,105.9981439767852,95.20198578271709,98.2515028451893,87.19708882671698
2018-02-01,97.75069144139901,96.5892134203223,108.75719204638173,98.37058919852024,95.60057000573649,83.92642442324501
2018-03-02,98.84703321254662,96.60451562165437,111.29318739172871,101.79591759151948,95.35511881077817,80.91125995560316
2018-04-02,98.38459738132481,95.41870499678159,109.98831258037268,103.96855066010924,94.02173460749944,76.82090342812727
2018-05-03,98.5224294634908,94.88979706634838,111.41927912242879,105.53072660161993,92.15273546590474,76.4458379880915
2018-06-01,96.83157564990024,94.72826036609437,112.28056405223711,100.84742403119311,89.33342531886494,77.36608783560786
2018-07-02,95.00894984826819,94.25965750133172,110.12866170010003,98.72036301270037,86.89950738811424,72.50483787691562
2018-08-01,95.84250196663218,95.39448604272951,108.45795268764054,103.48886174661912,84.43017308800795,68.60444267642187
2018-09-01,94.016746664417,93.38492013552604,108.29185856578289,100.34309937845282,82.33424365321186,70.3765290374326
2018-10-01,93.16323002936052,91.88048060590839,102.80372644944049,100.8706729953394,81.3279886913978,76.5001287105367
2018-11-01,91.92833820204312,92.08711632360608,99.99313476222771,99.63373080796887,76.59059713704148,79.86080881961725
2018-12-01,92.0416102058122,92.26967722503045,97.84823706343602,101.09604143136238,76.83532725997111,78.31028829050935
2019-01-01,93.08303779993389,91.57357949930133,100.94697874526999,101.769971649526,80.25798759388464,79.34321851236787
2019-02-01,93.82715057998416,92.54640050113716,103.76428954168858,100.73740852889011,81.78416354397704,80.30919955318
2019-03-01,92.9804619012011,94.04403152955523,105.64753411964494,97.51255319733477,78.41404559246739,78.66274264258868
2019-04-01,93.46904368626568,97.32859984231308,106.12800621022762,94.63380322270018,79.11210044534695,79.25601579755957
2019-05-01,94.15785709874329,100.2057860777755,106.59284098950985,94.44359877532571,78.50147758544256,76.73557604051913
2019-06-02,95.4010772869444,101.21872778817693,102.89108444726023,99.19063242875369,77.46187859413195,79.94407334730515
2019-07-01,95.08883983084431,102.26755273602541,101.06421117773988,97.55139613542326,78.09033426436135,79.42907588374996
2019-08-01,93.84638464040344,101.56071485310817,100.29965212921627,92.62567031396728,82.58940548789569,76.22923769647085
2019-09-01,93.23986719519331,100.63028049915567,99.63812689323936,91.83731563966032,83.8883054529442,73.51148672758305
2019-10-01,95.04127495566141,100.93283734035812,100.8202231863725,95.97784801239075,84.10921673390533,77.77161278265274
2019-11-02,98.2497309528696,105.39659912323452,102.45348449740578,95.56910968357758,93.1637371892972,79.1902453936104
2019-12-01,100.79080644635184,105.99983721164934,103.54295239281635,97.3970569565385,101.49866149086115,82.99769541774499
2020-01-01,102.46725884054419,103.48054819016501,103.8120352034496,100.68749721584591,108.7325264415225,87.5402737043497
2020-02-01,99.58671217736413,100.97399003146133,102.83369439125883,99.57640008516003,97.55334488164273,91.4486431222425
2020-03-01,95.21488451489662,99.52224016116926,101.56205144467725,98.02389815267347,85.4248370340702,73.9442452694129
2020-04-01,92.42099237950778,96.52061369999377,95.91529776109658,99.64731046210319,81.17756291704109,63.17950547014044
2020-05-01,91.1522748876618,95.43891409581286,94.49137133992028,98.01899699012213,77.76886682468624,67.84539991535118
2020-06-01,93.1355966912326,94.47069056294718,98.2966422578231,97.30962222885732,86.61365414421616,74.94060661086795
2020-07-01,93.77510606825632,91.42087439961259,101.80366231761337,97.27359342701877,93.200414775415,76.01190358116317
2020-08-01,95.6677271001103,91.44245600776557,102.13760631599048,99.21767595455742,98.7018285675736,81.09397040567771
2020-09-01,97.91460667133413,91.17165952112481,102.34577761107457,104.32734445802772,104.59634357298087,78.96065176353136
2020-10-01,101.31856844694124,91.6078288771703,104.48496071352457,112.08834404740074,106.45024815209034,84.7104049592798
2020-11-01,105.51219139335447,93.09441408356365,105.3871106201689,114.843513602787,121.90345019300375,87.52817784390855
2020-12-01,108.46413920901965,94.65129253556992,108.70043522523781,116.38655041674583,131.1993506530277,87.14082901071161
2021-01-01,113.49364256189074,95.92833280943475,111.09671888258342,125.00940824649972,138.8745383645482,94.15924105738104
2021-02-01,116.49751919361707,97.65071770772114,112.83308422748668,126.14719060912293,147.4624816064973,100.17454058467479
2021-03-01,119.10272734215664,100.47579478322837,117.23905240121574,123.90839540888472,159.30201084630667,96.1974363480972
2021-04-01,122.06139321899511,104.39126884500838,118.96119276684928,126.20076893525055,162.19133083797868,99.98682033193688
2021-05-01,128.3515856198228,108.05433582933672,121.151253596451,133.69538705765586,174.87592061093773,106.79941521838667
2021-06-01,125.36148779894319,110.87412476027218,120.06568649405617,130.3146289360493,157.68052781228315,107.7319216686756
2021-07-01,124.3727886747043,113.32159990490379,117.24065179267303,126.25709990923303,155.49552753795894,109.55192671644922
2021-08-01,127.9860600129327,113.093366562463,117.16626506363863,130.38825849807975,165.86229711701404,120.54228177309744
2021-09-01,129.14486699463782,112.11067486509498,119.17135502224029,132.83696980281618,168.57086393365063,121.18926965715919
2021-10-01,133.27435051497795,111.62477600517573,122.63352627746798,137.14277957827665,184.83747137824517,119.06532765101376
2021-11-01,135.44056329946903,112.36660304578801,127.22081185616469,141.44474926905627,184.55517876687819,120.1850319414634
2021-12-01,133.7218515098582,110.52153449575076,130.3886774508169,140.49498067328705,178.50544196563672,116.43250221390551
2022-01-01,135.69780588364443,111.74512564175035,134.3260251287188,140.6476289317723,185.93144191456406,112.66751495566068
2022-02-01,141.6697709529155,113.71916152915773,144.9826957214088,145.27828440142767,201.71767545192617,110.53112881402261
2022-03-01,160.22445466222428,119.26873315894657,149.60025826519856,170.1313122041563,251.83127168981505,117.91396993406418
2022-04-01,158.79942040312292,121.29448327542238,150.73039393751904,169.67508597724841,237.53173615946218,121.543706497993
2022-05-01,158.6922950139432,122.45142954871994,149.734969431218,173.5207488609233,229.2409054815257,120.38756727908276
2022-06-01,155.66312893928134,125.42838695142343,158.15861255322739,166.33655649308153,211.7951824643664,117.2848384263868
2022-07-01,141.60507728200506,123.31276052572956,155.5804272696003,147.25665377330955,168.82042441226025,112.84138457750583
2022-08-01,138.69153831893465,120.33498070744744,153.07527383021036,145.5755365615529,163.32354213869706,110.47422078709369
2022-09-01,137.33160413680997,119.8972929362059,152.78129694527524,147.91508373264332,152.57278473300983,109.67569831166102
2022-10-01,136.66577500353668,116.49011472011554,149.22057248124167,152.2816816469172,151.28497315818765,108.58010537092795
2022-11-01,135.97859321247356,114.14929195293242,147.3587727196838,150.1086227521639,154.70711661125137,114.39308388371099
2022-12-01,133.09893257721535,111.93438677130548,148.57680358634983,147.25400622949095,144.6002987684468,117.17633735266216
2023-01-01,131.4298765234223,110.51292620227657,144.74101798934225,147.49215298753472,140.41189698409724,116.78734091056793
2023-02-01,130.7331631955989,112.14827790646636,138.66090509328433,146.71582798064685,135.8691467736006,125.1702142376989
2023-03-01,127.98604812676369,114.05600978768972,135.2881044656511,138.55434406068113,131.7866585516208,126.99503806101731
2023-04-01,128.3884752652535,116.01536474308985,129.2594521825061,136.140683440396,130.03002452539272,149.39882971513404
2023-05-01,124.46266276043217,117.386084772588,121.71315850114374,129.27120755716504,118.68241972646851,157.21242984539512
2023-06-01,123.0074423593665,118.6262826023717,119.8797173274129,126.60244652014822,115.78969709280045,152.157485377313
2023-07-01,124.35991296032483,117.87831607030833,119.11241658595642,125.86001580206025,129.80602565566767,146.3274949677855
2023-08-01,121.79858561713715,114.54622972399062,114.34966640560717,124.99307173273587,125.82185036318569,148.19495977131766
2023-09-01,121.66964695848252,113.43166900912738,111.96634864641469,126.29259069889878,120.86619351626094,162.71249661963398
2023-10-01,120.72453036002507,111.99637131372081,114.57267286551735,124.77051165018291,120.00844948843765,159.18152340558296
2023-11-01,120.60622410101105,111.55192873824849,116.45648433457833,121.0425995648877,124.12279167226745,161.3925341745938
2023-12-01,119.06942919244582,111.1527820690389,118.69488841591547,122.80125390791844,122.3021873378223,134.23338929708336
2024-01-01,117.64823715481582,108.86367604404812,118.68774601311117,119.89747824849087,122.47143696337406,136.39911091420996
2024-02-01,117.448709613027,112.53887045054051,120.69648869787466,113.84436127699854,120.87166242237595,140.7695609542268
2024-03-01,118.94674437043133,114.91342203776082,124.03920597593935,110.89314609378091,130.55874483183703,133.35770526095988
2024-04-01,119.24981652077558,116.57360888672882,123.76597380079383,111.61605795454115,130.89848929509543,126.61552891087678
2024-05-01,120.48915811885604,116.6745930916185,126.27744905082898,118.67478079922535,127.82154604905487,117.10480701516961
2024-06-01,120.99067025563961,118.0812185633477,127.85826021327898,115.16507087751788,131.81119050217671,119.36223213238495
2024-07-01,120.88184059068954,120.00373017702002,127.8691476410994,110.68277088198548,135.00056862524897,119.5364541060798
2024-08-01,121.66812742018587,122.02185018847584,131.29584651955133,110.15323408492542,136.1242734934189,113.86424161326055
2024-09-01,124.58967284066782,119.88712976235118,136.51915087405553,113.55441378100556,142.3617483202009,126.25586794427102
2024-10-01,126.93982950702859,119.23548848793767,139.00518497647687,114.44694599170506,152.71668778748904,129.56464400508847
2024-11-01,127.71198830303143,118.73588059833766,139.98864625120632,111.41344374575408,164.10377486244832,126.4385783943456
2024-12-01,127.40958843804368,119.57932658907687,141.90918622626725,111.3804445120885,162.08105946667473,119.2863483567491
2025-01-01,124.65280726596892,116.6611354920193,143.0598506640119,111.84946068212814,153.02802943544935,111.20315231620673
2025-02-01,126.59855082704378,116.85091023909305,147.68701079161815,112.6092355926281,155.9910085539451,118.54224531410674
2025-03-01,127.23216962068926,118.30522607416658,148.73678049748384,109.69357747914111,161.75287393797618,116.89637779206402
2025-04-01,128.16521722831337,121.63471200094277,151.7225811412955,110.91072283311368,158.01962396365147,112.30798794099779
2025-05-01,127.28576315043264,123.3852300196765,153.615830372747,108.96765824167896,152.23897481310635,109.43378110283794
2025-06-01,127.98065588257072,126.00104389554177,154.38236819515515,107.36397750741213,155.73862615275556,103.72059678749301
